,ClusterName,LayerName,x_pos,y_pos,LayerName_2
0,eL6-2,L6,49.77124718410813,4980.7776640043685,L6
1,eL4,L4,53.47311391818288,8729.177424962336,L4
2,eL2/3,L2/3,46.31549262675519,11547.566359203338,L2/3
3,eL6-2,HPC/CC,37.612810621691935,3280.980263748094,I_CC
4,eL5,L5,45.35031185031185,7582.793601293602,L5
5,eL6-1,L6,50.13700344072568,4691.683640913357,L6
6,eL6-1,L2/3,48.9578282102844,12817.143809250216,L2/3
7,eL6-2,L6,91.88149725031045,3426.17491573532,L6
8,eL6-1,L6,84.1451196662778,5157.435323646905,L6
9,Micro,HPC/CC,61.31039593478721,1480.0390641541394,I_CC
10,eL4,L4,55.56052130788305,9461.603944409204,L4
11,eL2/3,L2/3,58.75377177627741,12633.158039509875,L2/3
12,eL2/3,L2/3,73.60596399099775,10688.079207301826,L2/3
13,eL4,L2/3,73.38752389718898,12065.723040430505,L2/3
14,eL2/3,L1,81.66815502768351,13121.71030541168,L1
15,eL6-1,L6,74.05760602113186,4216.013943165919,L6
16,Endo,HPC/CC,78.53595908467784,569.0051671412,HPC
17,Oligo,HPC/CC,89.30364673778219,2851.3394525758704,I_CC
18,Astro,HPC/CC,97.24617916764636,1324.54543851399,I_CC
19,eL6-2,HPC/CC,134.0175016056519,3272.789499036609,I_CC
20,eL5,L4,125.94064051503082,9137.065470020189,L4
21,eL4,L4,122.75309376487388,9265.449904807234,L4
22,eL6-2,L6,138.48084990465813,3603.8647779896487,L6
23,eL4,L4,126.79167387418556,9856.904745430433,L4
24,eL2/3,L2/3,133.46355442088262,9993.975459803054,L2/3
25,Endo,L2/3,135.47829931188252,11006.365663322184,L2/3
26,eL2/3,L2/3,133.09269435914013,11766.123323096816,L2/3
27,eL5,L6,143.75221975582687,4510.078200147984,L6
28,eL4,L1,127.16596127393926,12922.530949105914,L1
29,Micro,L1,154.9392547002782,13714.760391198044,L1
30,eL4,L4,159.9070197044335,9423.857943349754,L4
31,Astro,HPC/CC,168.39476935749587,2553.5340472267985,I_CC
32,eL5,L5,157.09036392767223,6873.340535591668,L5
33,eL4,L5,173.70480446011314,7081.700869066164,L5
34,Oligo,L6,177.94879306304196,5523.4938481368645,L6
35,eL6-2,L6,166.74453736174806,4053.37271828073,L6
36,PVALB,L5,157.1312199036918,6314.988253319714,L5
37,eL5,HPC/CC,159.98455181182453,1033.0219326128415,HPC
38,Oligo,HPC/CC,187.9717783772567,2246.444957460054,I_CC
39,Oligo,HPC/CC,173.63814262023217,2811.9539800995026,I_CC
40,eL2/3,L2/3,170.8976355876764,11304.52256939036,L2/3
41,eL4,L4,197.695188232361,8723.938967838445,L4
42,Micro,L2/3,188.58451053283767,10627.52156133829,L2/3
43,eL2/3,L2/3,214.4548411873673,11822.7615325532,L2/3
44,Endo,HPC/CC,184.90604125376203,934.070542464949,HPC
45,eL2/3,L2/3,224.0120278727087,10469.804669122545,L2/3
46,eL6-2,L6,217.9780703705351,5405.77069525377,L6
47,eL2/3,L2/3,253.0161472523091,12753.131171506411,L2/3
48,Astro,HPC/CC,255.1228003475994,1346.5820117314795,I_CC
49,Oligo,HPC/CC,235.1176622482355,2669.91797211224,I_CC
50,eL6-2,L5,239.60476888867865,6022.428537635426,L5
51,eL4,L4,247.52298633245096,8838.501323537355,L4
52,Oligo,HPC/CC,282.032728985166,2801.5233105721686,I_CC
53,eL6-2,HPC/CC,253.98379227188605,3288.2227020357805,I_CC
54,eL5,HPC/CC,297.10435875943,1020.5396060352052,HPC
55,eL4,L4,258.26415020228603,9739.765544601123,L4
56,eL2/3,L2/3,305.89810143643854,10631.29537489891,L2/3
57,eL6-2,L6,289.7450626824661,3603.8706422806113,L6
58,Astro,L5,292.28753796507215,6890.985098709188,L5
59,eL6-1,L2/3,307.4996456892188,12261.389775603173,L2/3
60,Micro,HPC/CC,326.1601079622132,907.5889338731444,HPC
61,eL5,L5,311.77279028049577,7611.680854533594,L5
62,Oligo,HPC/CC,312.20099508113304,1540.9478713179171,I_CC
63,HPC,HPC/CC,311.7581075925219,221.481114078596,HPC
64,eL2/3,L2/3,323.97421705640886,10343.778746367789,L2/3
65,Oligo,HPC/CC,324.6981745197362,2668.301729905381,I_CC
66,VIP,L1,341.4209232349919,13298.490532804932,L1
67,Oligo,L6,341.8150002878029,4919.207390778794,L6
68,eL4,L4,347.4145159727381,8243.814302787558,L4
69,eL4,L4,350.19606649674745,8525.112070605242,L4
70,eL6-2,L6,362.9529848013185,4367.885552096685,L6
71,eL4,L4,354.5161568537259,9874.984245630174,L4
72,eL6-2,L6,373.7048832271762,4236.00553303738,L6
73,eL5,L6,356.9109477124183,4009.928921568628,L6
74,eL4,L4,364.5000910498042,8916.875944641719,L4
75,eL6-2,L6,377.9730037646127,3486.9976223499107,L6
76,eL4,HPC/CC,356.881252446184,1196.0749902152645,HPC
77,eL2/3,L2/3,398.0127775515956,11586.146847890765,L2/3
78,Astro,HPC/CC,393.3266555048785,113.55008371341148,HPC
79,eL2/3,L2/3,366.4395556303653,11266.302676317118,L2/3
80,eL4,L4,364.4475446428572,9341.235639880952,L4
81,eL4,L4,398.2109253499223,9724.855300673924,L4
82,Oligo,HPC/CC,389.2617677286742,2213.414953751285,I_CC
83,eL6-2,L5,416.5598510522572,5937.647169574495,L5
84,HPC,HPC/CC,414.4234716113951,563.179523752922,HPC
85,eL6-2,L6,439.3453150590466,4112.985992586846,L6
86,PVALB,L5,427.9383339535378,7674.855403753123,L5
87,eL6-1,L2/3,438.6461563571079,12637.866247755836,L2/3
88,Oligo,HPC/CC,445.3098393155259,1467.2185413188647,I_CC
89,eL4,L4,444.17389624724063,8116.014514348786,L4
90,eL4,L4,448.1179097973709,7820.841310189557,L4
91,VIP,L2/3,441.4962933870096,12177.441651529283,L2/3
92,eL6-1,L6,473.9714099085519,4900.319013164506,L6
93,Oligo,L5,453.61641433331386,6866.15373823581,L5
94,SST,HPC/CC,453.5991583631615,1275.9749443745768,HPC
95,SST,L2/3,484.072958635509,10801.314967767928,L2/3
96,eL6-1,L5,482.4385218788394,5641.312541347699,L5
97,eL2/3,L4,464.7853141377025,9934.885729775317,L4
98,eL4,L4,483.4840335270222,9067.2963953309,L4
99,eL2/3,L4,501.5311682650392,8947.835058849172,L4
100,SST,L2/3,519.3427151051625,10643.39586998088,L2/3
101,Oligo,HPC/CC,538.5165622202328,2229.62260021884,I_CC
102,Astro,HPC/CC,542.4450906602806,2784.7742473486146,I_CC
103,Endo,HPC/CC,561.4461699757552,1263.36970054387,HPC
104,eL6-2,L6,542.8382405108194,3535.085668676836,L6
105,eL6-1,L6,581.9279210028383,3946.09892384106,L6
106,eL5,L5,567.0376440460948,7586.721425522834,L5
107,eL5,L5,600.3370602067528,7417.800834109766,L5
108,Micro,HPC/CC,590.443494145977,1362.9635472888815,I_CC
109,SST,L4,586.4473935264054,8636.667563884157,L4
110,eL2/3,L4,620.5926933358345,9373.896543638324,L4
111,eL4,L4,615.9554935976869,9657.67508261049,L4
112,Oligo,HPC/CC,632.935545767738,1841.6568400854733,I_CC
113,Endo,L5,603.3552327948962,5819.910818514999,L5
114,eL2/3,L2/3,639.963844842725,10940.970249470583,L2/3
115,Oligo,HPC/CC,635.1078405315615,3404.89634551495,I_CC
116,Astro,L2/3,628.1883816087003,12572.14918703564,L2/3
117,eL6-2,L6,632.0201952085182,4779.012954747116,L6
118,eL2/3,L2/3,643.643438197394,11057.109207400475,L2/3
119,eL6-1,L2/3,655.3500151653018,11168.432211101,L2/3
120,eL6-2,L6,637.855281073721,4292.127796148609,L6
121,eL2/3,L2/3,646.1267343268242,10519.834275436791,L2/3
122,eL5,L5,676.3642469135802,7097.457481481481,L5
123,Oligo,HPC/CC,668.3987540789084,1671.3903292791456,I_CC
124,eL6-1,L6,676.2134362348178,4545.621457489879,L6
125,eL5,L5,673.9942589648472,5950.098745804628,L5
126,Oligo,L5,686.2334026474616,6704.930770401176,L5
127,Micro,HPC/CC,692.6813448751725,1317.4340107891103,HPC
128,Endo,L6,685.5635495744191,3561.400046008742,L6
129,Endo,L2/3,680.25016137842,11700.779482595955,L2/3
130,SST,HPC/CC,667.8535137494544,3223.252509821039,I_CC
131,eL6-2,L6,680.9378687819936,3731.8066116994255,L6
132,Micro,L6,697.5043074884029,3913.0114186674814,L6
133,eL6-1,L4,708.3771486349848,9213.22739018088,L4
134,Endo,L2/3,695.1128037104804,12084.397770307649,L2/3
135,eL6-1,L6,711.5579401679082,5614.942710180915,L6
136,Endo,L2/3,718.9760603204523,12519.819557021678,L2/3
137,Endo,L1,719.7083195383815,13014.974554225984,L1
138,eL6-1,L5,740.7602456280871,6393.11002536377,L5
139,Micro,L1,741.6231362960832,13535.715902008726,L1
140,Oligo,L5,713.6905891885635,6932.33510823012,L5
141,eL6-1,L6,732.3090575275398,4401.292594859241,L6
142,Astro,HPC/CC,730.0242620546354,1122.0925258204486,HPC
143,eL6-2,L6,720.2836755559342,5458.770682457187,L6
144,eL5,L2/3,756.3313500939429,10025.159345083654,L2/3
145,eL4,L2/3,748.7111281657712,10403.334663596828,L2/3
146,eL2/3,L4,770.2260491781251,8280.727639181261,L4
147,Micro,L4,750.6728680422445,9465.485736836172,L4
148,Endo,L2/3,790.8235075182373,12132.393776983772,L2/3
149,eL6-1,L6,772.7336667376037,4188.768833794425,L6
150,Endo,L2/3,778.4997173544375,11060.377275296778,L2/3
151,eL4,L4,801.1502806173581,9881.11054319503,L4
152,eL6-1,L6,795.4436134330547,5276.054602336609,L6
153,Micro,L4,771.2752859477124,8461.276511437909,L4
154,Reln,HPC/CC,796.3022371475134,818.8129784186873,HPC
155,Reln,L5,806.1393050035667,7467.520177315806,L5
156,Astro,HPC/CC,813.5073337123365,1440.0329164297896,I_CC
157,Astro,HPC/CC,793.4481003111154,1555.0842368247384,I_CC
158,eL6-2,L6,791.543545398394,4648.338248919086,L6
159,eL6-1,L6,813.9931034482759,4754.171814092953,L6
160,Astro,L5,831.0357597564351,6967.80464987545,L5
161,Endo,L2/3,817.9962917181706,11574.510636913668,L2/3
162,Oligo,HPC/CC,842.3512755325677,2837.4873761725257,I_CC
163,eL6-2,HPC/CC,840.0728373625395,3234.984105783358,I_CC
164,eL5,L4,831.1210202411867,7907.473266692754,L4
165,PVALB,L4,838.315230317926,9231.32137477206,L4
166,Endo,L2/3,800.5469781615033,12877.200545962418,L2/3
167,Endo,L2/3,842.5637495384291,11373.040512739355,L2/3
168,Endo,L1,826.7362000609942,13055.215065568773,L1
169,eL2/3,L1,840.0530683133925,13185.687958317252,L1
170,eL5,L6,828.5061547325965,4038.056256874968,L6
171,Endo,L2/3,826.9615140083923,11875.328105794091,L2/3
172,Endo,L2/3,839.0049395161291,12336.85685483871,L2/3
173,eL4,L6,844.9705406078724,5526.636273044345,L6
174,Endo,L2/3,855.19614616281,10719.62339770268,L2/3
175,eL2/3,L2/3,861.6840534085975,10356.890306122448,L2/3
176,eL6-2,L6,843.359022556391,3550.542351973684,L6
177,Endo,L2/3,875.461273231856,10953.944621983012,L2/3
178,eL4,L4,874.9891568814134,8471.899555696604,L4
179,eL6-2,L6,859.7859316092334,4976.649381572855,L6
180,eL2/3,L2/3,864.8534292405487,12690.877985948478,L2/3
181,eL2/3,L2/3,886.4602851323829,11714.546982947966,L2/3
182,eL6-1,L6,889.5402085747393,4411.115720355349,L6
183,Endo,L1,881.0151925865221,13788.879467944273,L1
184,eL5,L5,893.6447184271909,6485.4471842719095,L5
185,eL6-2,L6,900.607730070911,4637.071612249669,L6
186,eL4,L4,914.0714958997078,9517.001178244886,L4
187,Astro,HPC/CC,900.4687244935817,888.5757215997626,HPC
188,eL6-2,L6,895.1677064062299,3716.0996859269458,L6
189,eL6-2,L6,921.8537626628076,4138.465340086831,L6
190,Astro,L4,933.8971897653172,8235.884081956903,L4
191,eL6-1,L5,948.9359735504283,6364.388638060364,L5
192,SST,HPC/CC,910.2877265347316,1004.05445609724,HPC
193,Reln,L2/3,932.5363625138906,12384.059204840103,L2/3
194,eL2/3,L2/3,952.6380230642504,12538.381911037892,L2/3
195,Astro,L2/3,977.380003465604,10618.73932882805,L2/3
196,Endo,L5,972.912644180834,7647.79954080796,L5
197,eL2/3,L2/3,988.9543336439888,11272.80827586207,L2/3
198,Endo,L2/3,994.6602967184124,10170.079534289644,L2/3
199,eL2/3,L2/3,1008.209675345548,11875.101639344262,L2/3
200,Endo,L1,1034.7488358967123,13789.853722778797,L1
201,Endo,L4,1013.0953801051356,9584.54918115649,L4
202,Astro,L4,1024.2768912612134,8028.457284185228,L4
203,eL2/3,L2/3,1036.5420300550113,10793.503522071647,L2/3
204,Oligo,HPC/CC,1040.1873746691265,2758.0492901259327,I_CC
205,eL6-1,L5,1041.3168705355774,6528.879456758331,L5
206,eL6-1,L2/3,1056.857094133697,12850.602546612095,L2/3
207,eL6-1,L5,1045.029442622951,7451.838360655738,L5
208,Astro,L2/3,1048.0291772269272,11622.243741113927,L2/3
209,Endo,L4,1049.5523821887575,9090.29683240296,L4
210,eL6-2,L5,1047.930825169782,5726.84800769277,L5
211,Endo,L4,1062.934996516893,9885.527298850577,L4
212,eL5,HPC/CC,1049.030786106033,1158.2631078610602,HPC
213,eL6-1,L6,1067.625063938619,4688.951023017903,L6
214,Endo,L2/3,1071.7567833630717,10169.6361287147,L2/3
215,Oligo,HPC/CC,1073.6066669873492,1401.7751695608254,I_CC
216,eL5,L5,1080.0243892270491,5973.407987992996,L5
217,Oligo,HPC/CC,1065.068283028204,2219.5365330694376,I_CC
218,Oligo,L5,1087.373806796487,6861.253837342497,L5
219,eL6-2,L6,1092.2439880228314,5350.215682605034,L6
220,Astro,L6,1094.893311304696,3621.745719435266,L6
221,eL6-1,L6,1120.6374288964732,4779.453811149033,L6
222,eL2/3,L2/3,1114.8084596097242,12342.631908862968,L2/3
223,eL6-2,L5,1140.0393228823607,5714.348834145699,L5
224,Oligo,L2/3,1126.377805554046,12462.33503613934,L2/3
225,Endo,L4,1158.379925945517,8655.813805871463,L4
226,Oligo,L6,1141.8498570715549,3505.2885793366304,L6
227,VIP,L6,1178.4572547038767,4218.858736372437,L6
228,Astro,L4,1137.581525179856,8232.027050359713,L4
229,eL6-2,HPC/CC,1155.9821995394286,3237.8386755461506,I_CC
230,Micro,L6,1167.0656444050185,4097.700735014573,L6
231,eL6-2,L6,1138.5043874932685,4985.351918142364,L6
232,Endo,L4,1179.3130955622107,8388.112646338142,L4
233,Endo,L4,1174.2736091981556,9025.984789508351,L4
234,Oligo,L5,1165.756492465534,7018.495564817784,L5
235,eL2/3,L2/3,1179.7401826325474,11466.457379952086,L2/3
236,Oligo,HPC/CC,1173.2016499157614,1651.9758322198338,I_CC
237,Astro,L2/3,1176.5273322304538,10526.49812990002,L2/3
238,eL2/3,L2/3,1193.6643689346631,11021.974076176572,L2/3
239,eL6-1,L5,1185.31238433066,6833.349398519433,L5
240,Astro,L1,1176.3699524133242,13748.329299796058,L1
241,Endo,L6,1207.2169561798555,5269.87147044106,L6
242,Oligo,HPC/CC,1199.7851047773845,1782.2939571602717,I_CC
243,Endo,L4,1202.2432047719108,7913.049481461398,L4
244,SST,HPC/CC,1200.8370755750277,1410.56523822563,I_CC
245,eL2/3,L4,1219.4179494069326,9967.59226133354,L4
246,Endo,L4,1216.9567715147034,9134.174335930837,L4
247,Oligo,HPC/CC,1228.5536152318657,2631.98896156991,I_CC
248,eL4,L4,1238.4927618185932,9536.791261403903,L4
249,eL6-1,L6,1257.9059273111634,4676.966338726726,L6
250,eL2/3,L2/3,1233.0880166330646,12803.096144153224,L2/3
251,Endo,L4,1266.2943226705909,8358.900085198668,L4
252,Endo,L4,1243.6683703703704,7821.148222222222,L4
253,eL2/3,L2/3,1238.51091533329,10336.177042171406,L2/3
254,eL6-2,L6,1240.4608722548717,4518.31580575317,L6
255,Endo,L1,1253.750806451613,12926.94379032258,L1
256,Endo,L4,1264.676071333511,8008.630755922279,L4
257,eL6-2,HPC/CC,1262.722748692455,3399.1265599917147,I_CC
258,VIP,HPC/CC,1283.5447369414965,244.6287343732296,HPC
259,Micro,L1,1234.7541830970904,13013.608494085049,L1
260,Astro,HPC/CC,1306.317455577124,907.7424593101388,HPC
261,Micro,L2/3,1270.9087705559907,12211.03347689898,L2/3
262,Oligo,HPC/CC,1295.1897680293982,1874.215606338999,I_CC
263,eL6-2,L6,1292.338860850757,3682.6929732128,L6
264,Endo,L1,1321.4647151313357,13102.10534591195,L1
265,Astro,HPC/CC,1323.8061331863507,1420.7231046750514,I_CC
266,eL6-2,L2/3,1292.02640893003,12084.743488519827,L2/3
267,eL4,L4,1318.031641972034,9336.88885520482,L4
268,eL6-2,L6,1319.2253970666463,4339.851014514781,L6
269,eL6-2,L6,1358.1383548067392,5111.3915163528245,L6
270,eL4,L2/3,1349.8987148022063,10808.13406170005,L2/3
271,eL2/3,L2/3,1343.883010901758,11487.258774970069,L2/3
272,Endo,L2/3,1335.4775048777688,12785.843337541604,L2/3
273,Oligo,HPC/CC,1336.9607936037903,2678.318270654427,I_CC
274,Oligo,L5,1349.8813559322034,7341.835791327317,L5
275,eL6-2,L6,1361.5315660343483,4549.232661121417,L6
276,eL6-2,L6,1359.0026079740785,5286.568024657209,L6
277,eL5,L5,1377.1052381517995,7801.812566813161,L5
278,Astro,HPC/CC,1356.90057441741,520.6127119039836,HPC
279,Micro,L2/3,1382.350651607298,11263.332696206198,L2/3
280,PVALB,L2/3,1400.6383964833483,12231.851927946867,L2/3
281,eL6-1,HPC/CC,1402.9916097416096,3418.4048114048114,I_CC
282,Oligo,HPC/CC,1420.552375400758,1884.8684348586416,I_CC
283,eL6-2,L6,1431.5226926763264,3651.897558775441,L6
284,Endo,L2/3,1408.8456317269463,12515.65684088044,L2/3
285,Endo,L2/3,1427.9007823918837,12814.775857621871,L2/3
286,eL4,L4,1439.087770081671,8606.801302594851,L4
287,eL4,L2/3,1448.923017360828,11921.279118102537,L2/3
288,Oligo,HPC/CC,1457.6785333258465,1381.7812342074233,I_CC
289,Endo,L5,1478.4570530502276,6039.782731413176,L5
290,eL4,L4,1460.4029592621062,9338.68210351012,L4
291,eL6-2,L6,1483.0851419829812,4828.04689740893,L6
292,eL4,L4,1493.9685551398538,9021.601371815428,L4
293,eL4,L2/3,1512.1239556692242,10070.065643648764,L2/3
294,eL4,L4,1512.2102300242132,8652.023365617433,L4
295,eL6-2,L6,1507.4135631136337,3892.744397033846,L6
296,Astro,L5,1522.741293143839,5940.649929720444,L5
297,Astro,HPC/CC,1520.333703997882,3372.3893036801696,I_CC
298,Astro,L6,1514.155349186752,5579.130817542541,L6
299,eL2/3,L2/3,1523.199405795424,12309.481344291393,L2/3
300,eL5,L5,1529.3347979570376,6613.906113865104,L5
301,Reln,L1,1542.7372668342373,13328.381576046217,L1
302,eL5,L5,1527.72500573263,7285.562084384315,L5
303,eL2/3,L2/3,1544.270006553557,11480.57165222457,L2/3
304,Smc,HPC/CC,1551.7145608829194,2670.02129210266,I_CC
305,Astro,L6,1552.6270064770488,5232.357457993054,L6
306,PVALB,L4,1548.5387638717632,7951.528514180025,L4
307,eL4,L4,1559.2030879664117,9329.186835511611,L4
308,Endo,L2/3,1568.58717285302,10198.444671111554,L2/3
309,eL4,L4,1574.9546424434554,8815.330976040968,L4
310,eL5,HPC/CC,1584.2507383966245,1263.9676511954992,HPC
311,Oligo,L6,1601.9833834822832,4811.229307944492,L6
312,PVALB,L5,1590.6856465975002,7712.822645208725,L5
313,VIP,L5,1594.4918399372302,6921.35606120047,L5
314,eL5,L5,1587.3880855550535,6774.151265250791,L5
315,eL2/3,L2/3,1604.5712065555242,10561.55147405105,L2/3
316,Astro,HPC/CC,1605.2841184467168,1630.314853123707,I_CC
317,eL6-2,L6,1617.9510173880874,4273.5957084720685,L6
318,Oligo,HPC/CC,1631.1255359394704,1891.352522068096,I_CC
319,eL4,L4,1641.9932057681642,8604.25672490294,L4
320,eL2/3,L2/3,1650.7361802788844,12538.948207171316,L2/3
321,eL5,L5,1664.4267238845453,7384.247604491212,L5
322,eL4,L4,1656.910512103842,9048.916102136527,L4
323,eL6-1,L2/3,1657.234778621287,11095.625159219442,L2/3
324,eL2/3,L2/3,1663.4284949997943,12375.602452775836,L2/3
325,eL4,L4,1658.3615840826478,8721.750589885849,L4
326,Endo,L2/3,1666.2062938937436,10370.918618988902,L2/3
327,eL2/3,L2/3,1668.4719896043894,11912.445192030033,L2/3
328,eL5,L5,1672.9958388903708,6650.4467858095495,L5
329,HPC,HPC/CC,1686.336031526254,400.7796357439557,HPC
330,Micro,L6,1693.791512687854,5471.524020694753,L6
331,eL6-1,L2/3,1695.1551372193242,10638.058233159449,L2/3
332,Oligo,HPC/CC,1726.070774154831,3419.9983596719344,I_CC
333,Oligo,HPC/CC,1712.6989767545324,1471.212823935046,I_CC
334,Astro,L5,1729.914509109685,7607.075434584839,L5
335,Oligo,HPC/CC,1723.4058343823544,1831.4354441464616,I_CC
336,eL6-2,L6,1720.8317261882075,5065.355604680413,L6
337,Oligo,HPC/CC,1720.2228034589516,2349.474271378243,I_CC
338,Micro,L2/3,1741.9230900525704,12812.437598142964,L2/3
339,eL4,L4,1736.826853110069,9733.717967825363,L4
340,eL6-2,L6,1761.05239713446,4820.262720426157,L6
341,eL6-2,L6,1762.3725104709804,3513.174202923327,L6
342,HPC,HPC/CC,1771.3279639759437,733.2044486082988,HPC
343,eL4,L4,1774.0475194730514,8600.52736682524,L4
344,eL6-1,L6,1769.616764921038,4057.067257627265,L6
345,Oligo,L5,1775.368064516129,6136.400387096775,L5
346,PVALB,L2/3,1763.1215100275265,10084.821558089743,L2/3
347,eL6-1,L6,1793.2527779187174,4429.8645288954285,L6
348,eL6-1,L4,1791.3767296613364,9595.376568136542,L4
349,Micro,HPC/CC,1795.1033887987012,204.14432832792207,HPC
350,eL6-2,L6,1792.4679753450357,3672.704542409219,L6
351,eL5,L2/3,1792.1985385423632,10459.302942019294,L2/3
352,Astro,L5,1780.5055629417116,5896.952767476034,L5
353,Micro,L6,1782.5743353420771,4560.327047146402,L6
354,HPC,L6,1823.507459970888,5415.5816351285785,L6
355,eL5,L5,1848.1031523542536,6628.495737742433,L5
356,eL6-1,L2/3,1823.6418715923,11077.685434516525,L2/3
357,eL2/3,L2/3,1827.3464709253624,10945.871798263017,L2/3
358,eL2/3,L2/3,1850.6793131771424,12398.754018852427,L2/3
359,Astro,HPC/CC,1864.351121892056,2935.454494565471,I_CC
360,eL2/3,L2/3,1855.5598064644853,11521.912485035911,L2/3
361,eL6-2,L6,1916.2506264581352,3673.236282727037,L6
362,Micro,L6,1882.765294170646,4553.741418145779,L6
363,Endo,L5,1879.2082220704217,7434.632677140906,L5
364,Astro,L5,1887.098177383292,6522.662375499695,L5
365,PVALB,L4,1894.6172371544528,9102.99012175511,L4
366,Endo,L4,1887.8135247573207,9521.011093890203,L4
367,Oligo,HPC/CC,1891.643547020616,1536.771251059023,I_CC
368,Astro,L1,1876.3920858699128,13458.360749759691,L1
369,eL6-2,HPC/CC,1879.9758461365088,3242.1353067127457,I_CC
370,Astro,L5,1912.112262745352,7074.8741335751765,L5
371,VIP,L2/3,1906.7081692640447,11999.200987188731,L2/3
372,Endo,L4,1890.691411238825,8733.114543422733,L4
373,eL4,L4,1922.1116101504604,8474.954367841905,L4
374,SST,L5,1926.7234364856088,6337.715992209479,L5
375,eL6-2,L6,1944.415974518184,4077.513386017257,L6
376,eL4,L4,1946.883203840566,8905.059566672984,L4
377,Oligo,HPC/CC,1914.5755585602988,2229.736591333462,I_CC
378,eL6-1,L6,1951.053044048952,4247.094197583291,L6
379,Astro,L4,1938.938500860675,8262.113869907673,L4
380,eL2/3,L2/3,1947.499547511312,10193.01467637222,L2/3
381,Astro,HPC/CC,1940.4930485882185,2129.236849648846,I_CC
382,Astro,L5,1951.102764340014,5990.443538355217,L5
383,VIP,L2/3,1965.245521023766,11876.677513711153,L2/3
384,Endo,L1,1979.586538030065,13693.87027148306,L1
385,Astro,L1,1978.0406909788867,13803.298437071566,L1
386,eL4,L4,1971.4722623582468,8074.151013617058,L4
387,Oligo,HPC/CC,1995.0072221315488,1327.4412436755345,I_CC
388,Oligo,L4,2014.5757852539707,9605.875577206069,L4
389,VIP,L2/3,2002.164507989908,12071.3768993552,L2/3
390,Oligo,HPC/CC,2012.004792826221,1674.539888682746,I_CC
391,eL2/3,L2/3,2048.1997622521208,11673.334576106336,L2/3
392,Oligo,HPC/CC,2048.078264238667,2221.314025571484,I_CC
393,SST,L2/3,2019.002628587667,12249.327046035804,L2/3
394,Endo,HPC/CC,2026.619047619048,2522.381536066929,I_CC
395,eL4,L4,2043.864086290243,9914.660955638134,L4
396,Oligo,HPC/CC,2050.7697960217915,2086.166730013937,I_CC
397,PVALB,L6,2058.5639953749,5163.644534376946,L6
398,eL2/3,L2/3,2083.2944974820034,12614.597120523991,L2/3
399,eL6-2,HPC/CC,2071.441655818797,3174.1782348346783,I_CC
400,eL6-2,L6,2088.9599751670744,4701.313734798963,L6
401,Micro,L5,2062.2763548835983,6500.3934709842415,L5
402,eL2/3,L2/3,2100.91920165839,11264.252663549149,L2/3
403,eL4,L4,2110.9741185099806,9130.210666946088,L4
404,PVALB,L2/3,2129.216723324637,10750.387593222124,L2/3
405,eL6-2,L6,2106.3017295351383,3428.0169431835966,L6
406,HPC,HPC/CC,2104.651668674272,337.5853822716644,HPC
407,SST,L2/3,2121.443256165073,12088.09801207851,L2/3
408,eL6-2,L6,2124.0699669967,3812.059185918592,L6
409,eL6-1,L6,2132.80057255456,5413.996319292114,L6
410,PVALB,L4,2126.9429719644054,8682.971725193762,L4
411,eL2/3,L2/3,2137.1695804769247,10433.53763899367,L2/3
412,eL4,L2/3,2127.005311904113,12316.578089530554,L2/3
413,Oligo,L2/3,2163.473832954832,11364.6960888216,L2/3
414,eL2/3,L2/3,2149.4633296372563,11064.726384708802,L2/3
415,Oligo,HPC/CC,2182.843312597201,2620.13862968723,I_CC
416,eL4,L4,2185.2718685831624,8496.021765913758,L4
417,eL2/3,L2/3,2176.772833485726,12201.394696738798,L2/3
418,Micro,L5,2183.4504084014,6304.272741109025,L5
419,eL6-2,L6,2246.767949435428,5189.623860157356,L6
420,Astro,HPC/CC,2189.509691060731,3177.2049806178784,I_CC
421,Reln,L1,2206.336791613894,13042.421541944002,L1
422,eL6-2,L6,2216.756605284228,3705.1120896717375,L6
423,eL4,L4,2217.9689373554265,9477.672614832649,L4
424,eL5,L5,2222.635944052008,7248.250865392733,L5
425,eL4,L5,2212.610266693403,7624.078644475637,L5
426,Oligo,HPC/CC,2257.276474862919,2081.3231816079806,I_CC
427,eL4,L4,2217.8636169099814,8784.93323505635,L4
428,eL6-2,L6,2205.416488181004,4035.588924802368,L6
429,eL2/3,L2/3,2249.071796621737,11604.559972700905,L2/3
430,eL6-2,L6,2230.532759479263,3560.021199402433,L6
431,eL6-1,L5,2262.367477866644,6576.766605363329,L5
432,eL2/3,L2/3,2282.498119800965,12233.935237588788,L2/3
433,eL4,L2/3,2276.3574971683006,10307.7912354021,L2/3
434,Endo,L5,2279.929575136386,6417.2165647214415,L5
435,Oligo,HPC/CC,2294.6060115750824,1581.4925633206797,I_CC
436,eL2/3,L2/3,2298.1801054690823,10558.71812537212,L2/3
437,Astro,L5,2306.617523930766,6947.637525399662,L5
438,eL4,L4,2302.7943220982534,9010.966353174836,L4
439,Endo,HPC/CC,2301.763275394674,3166.387577738797,I_CC
440,eL2/3,L2/3,2277.1313954862344,12545.926479971642,L2/3
441,eL6-2,HPC/CC,2300.6416842105264,3356.3993684210527,I_CC
442,eL6-2,L6,2318.858218240637,3607.285243249969,L6
443,Endo,L4,2302.8447035618983,9188.23651235642,L4
444,Astro,HPC/CC,2342.230695900858,1357.3006037496027,I_CC
445,eL4,L4,2311.102144445844,8217.042637122833,L4
446,eL4,L4,2317.1535692861426,9380.86202759448,L4
447,eL4,L4,2320.6014149716484,9794.00145658846,L4
448,eL4,L2/3,2373.467845256415,11382.334001359912,L2/3
449,eL6-2,L6,2358.057090890719,4021.153589652908,L6
450,Oligo,HPC/CC,2363.556545187122,1433.91992155581,I_CC
451,eL4,L2/3,2359.514169821525,10183.901622498648,L2/3
452,Astro,L1,2367.484685430464,12979.17099544702,L1
453,Oligo,HPC/CC,2385.187655322818,2676.5566769792563,I_CC
454,eL5,L5,2384.8474071801165,6299.526419146978,L5
455,eL4,L2/3,2382.2185217141214,10913.24751222318,L2/3
456,eL6-2,L6,2394.6819473090245,3861.9744717282174,L6
457,eL4,L4,2402.255124357866,9879.706016987946,L4
458,eL2/3,L2/3,2418.077575845868,11910.411625450704,L2/3
459,HPC,HPC/CC,2397.136955545577,56.796475078581054,HPC
460,eL2/3,L2/3,2400.143997651893,12793.886234223655,L2/3
461,eL6-2,L6,2403.217498603092,4897.680806481654,L6
462,eL4,L4,2435.4258191349936,9065.103145478375,L4
463,Oligo,HPC/CC,2442.446326686665,1519.775072054585,I_CC
464,Endo,L2/3,2476.581853426713,12339.975925462732,L2/3
465,eL4,L4,2480.758553631116,8971.45256760863,L4
466,Endo,L4,2481.3356637088823,8762.017298556959,L4
467,VIP,L2/3,2477.902323376008,10775.797955850589,L2/3
468,eL5,L5,2468.329309488326,5875.07868852459,L5
469,eL4,L4,2491.5673732490395,9214.418371141688,L4
470,eL4,L4,2481.914800259453,7949.356976611088,L4
471,eL4,L4,2507.426026214582,8375.271878188525,L4
472,eL6-1,L6,2501.907357906584,4675.608398987057,L6
473,Astro,L4,2505.9441555627777,8619.853753656158,L4
474,Astro,L2/3,2515.3481438738218,10357.302654356608,L2/3
475,Endo,L2/3,2515.183750464956,10908.300122216908,L2/3
476,eL4,L4,2518.036210985067,9323.36140485804,L4
477,Astro,L2/3,2542.120059255269,11593.626422463134,L2/3
478,eL2/3,L2/3,2543.315616706244,11701.318829445454,L2/3
479,eL6-2,L5,2527.96724187166,6260.788397992902,L5
480,eL6-2,HPC/CC,2567.1090173808293,3188.882249182585,I_CC
481,Oligo,HPC/CC,2578.2832650233795,1894.2250187611849,I_CC
482,eL4,L4,2592.4453219402726,7833.776540652511,L4
483,Reln,L6,2568.470474175921,5160.499735589635,L6
484,eL6-2,L6,2604.1309498496403,4750.559976914432,L6
485,eL4,L4,2577.8192529293715,9406.123972292356,L4
486,eL4,L4,2588.301898967552,9640.303373893805,L4
487,VIP,L2/3,2600.2797821307217,10758.184289426345,L2/3
488,eL2/3,L2/3,2600.379061371841,12354.714457624204,L2/3
489,eL6-1,L6,2602.215423657127,3543.3048075567463,L6
490,eL2/3,L2/3,2617.730719049,11423.227783415485,L2/3
491,Astro,L6,2625.934426229508,4380.546015770907,L6
492,eL4,L4,2609.6089294287085,8859.519299087855,L4
493,eL2/3,L2/3,2634.4453075886845,11070.157117198023,L2/3
494,eL2/3,L2/3,2619.7217851797845,12081.764841321616,L2/3
495,Oligo,L4,2650.385604919679,8246.641001506025,L4
496,eL4,L4,2634.552702539542,8470.13893025315,L4
497,eL6-2,L5,2662.7124583146683,6267.937185804589,L5
498,eL5,L5,2635.1210414808206,6510.625669045495,L5
499,Astro,L5,2640.2403309057486,7153.176270946758,L5
500,eL2/3,L2/3,2654.794944586996,12681.634820112464,L2/3
501,Astro,L4,2696.457459696207,8105.333286739353,L4
502,eL5,L5,2676.173517465475,7388.566165718928,L5
503,SST,L6,2686.614136380212,3604.544609213565,L6
504,eL2/3,L2/3,2700.224667690869,10480.248647384944,L2/3
505,eL2/3,L2/3,2688.5983486145587,12540.942860037483,L2/3
506,eL6-1,L6,2704.915770337828,5183.156844922487,L6
507,eL5,L5,2696.002208317998,5835.864819391135,L5
508,Micro,L4,2715.613074692807,9499.308780891895,L4
509,Oligo,HPC/CC,2723.030044030044,1302.519166019166,HPC
510,eL2/3,L4,2713.1255170339173,9599.84628111604,L4
511,eL2/3,L2/3,2707.8997384481254,12245.15578396733,L2/3
512,Oligo,L1,2718.9851034346234,13766.040384044343,L1
513,Astro,L1,2725.695116618076,13659.665962099123,L1
514,Endo,L4,2720.1506138392856,7883.186997767857,L4
515,eL4,L4,2727.0021352313165,9169.415213523132,L4
516,eL2/3,L2/3,2730.176918199112,12035.212904248574,L2/3
517,eL2/3,L2/3,2753.1588162856924,10107.57192334334,L2/3
518,eL6-1,L5,2762.6715244707098,7146.9185265936085,L5
519,eL6-2,L6,2749.4630005155527,4501.693933665579,L6
520,Micro,L1,2755.9526752231554,13152.81228542756,L1
521,Astro,L4,2774.296157950907,8902.434525080043,L4
522,Astro,L2/3,2761.817234429533,11024.439561519934,L2/3
523,Micro,L6,2773.760800088164,4278.245867313202,L6
524,Oligo,L5,2756.518527344216,6125.49839151674,L5
525,eL6-2,HPC/CC,2755.24485710341,3308.459788761563,I_CC
526,eL6-1,L5,2762.800416785072,7457.7196646774655,L5
527,eL2/3,L4,2774.235114871096,9888.003608516095,L4
528,eL2/3,L2/3,2805.5304238355016,10876.802909497832,L2/3
529,eL2/3,L2/3,2814.244810963706,12590.237799290864,L2/3
530,eL4,L4,2823.621359223301,7895.625663589842,L4
531,Endo,L4,2836.9644866867966,8243.272920669777,L4
532,Astro,L5,2819.30958150501,5898.841770908376,L5
533,Oligo,L5,2828.540111772129,6639.10510185686,L5
534,Oligo,HPC/CC,2823.883220651506,2876.790802927865,I_CC
535,eL2/3,L2/3,2821.1651846905424,11668.687449478086,L2/3
536,Astro,L5,2835.134236242071,6494.3817932453285,L5
537,Oligo,HPC/CC,2856.5571606475714,2423.9146533831467,I_CC
538,eL6-1,L6,2841.6495562726905,3480.7603872529244,L6
539,Oligo,L5,2835.816769180965,6720.130916154095,L5
540,eL4,L5,2851.625966397443,7023.097568349674,L5
541,eL2/3,L2/3,2860.3141135358724,10540.23349022964,L2/3
542,Reln,L1,2869.3089104941364,13118.952590959208,L1
543,eL4,L2/3,2862.7769464446446,10007.907065706571,L2/3
544,eL4,L2/3,2864.191277218488,11886.481489820206,L2/3
545,eL4,L4,2883.394956424995,9342.740478397924,L4
546,Oligo,L2/3,2889.416553972052,11330.104060473665,L2/3
547,HPC,HPC/CC,2884.2093525179857,153.16978417266188,HPC
548,eL4,L4,2901.769071794411,8815.986072423399,L4
549,eL4,L4,2895.4849587578847,9542.045269286757,L4
550,eL5,L6,2913.063014877659,3882.5834255502273,L6
551,Oligo,HPC/CC,2948.4211999300333,2398.603375896449,I_CC
552,eL4,L4,2934.131654538491,8501.546103025661,L4
553,Endo,L1,2967.259016850021,12926.02696931718,L1
554,Oligo,HPC/CC,2963.4027246528685,3129.341524757663,I_CC
555,eL5,HPC/CC,2940.752010875722,788.2033155847589,HPC
556,Micro,HPC/CC,2968.1242622071186,629.8147021999642,HPC
557,Oligo,HPC/CC,2972.393314836834,139.79772757299511,HPC
558,Oligo,HPC/CC,2972.7917057902973,2617.7005477308294,I_CC
559,Micro,L4,2987.0834653988377,9938.92293977813,L4
560,eL4,L2/3,2975.628659611993,10407.896252204586,L2/3
561,eL6-1,L6,2990.079326355552,4379.092704808373,L6
562,Micro,L2/3,2981.734307262901,10044.187956529486,L2/3
563,eL6-2,L5,2986.6988847583643,5883.443242166755,L5
564,eL6-2,L6,2986.1155079750347,4932.75169036061,L6
565,Endo,L2/3,2967.600984270964,11722.59234777574,L2/3
566,eL2/3,L2/3,3006.045528546568,10839.36055128277,L2/3
567,Oligo,HPC/CC,3002.1064618359565,2835.458720524252,I_CC
568,PVALB,L2/3,2999.802418841502,11273.085073201784,L2/3
569,eL2/3,L2/3,3001.374873998621,12515.513342882912,L2/3
570,Oligo,HPC/CC,3013.925911385306,1547.1496354458775,I_CC
571,Astro,HPC/CC,3048.4453785009778,1244.6431395397228,HPC
572,Astro,L1,3012.4351887007365,13673.54529577037,L1
573,eL6-2,L6,3024.4784446322906,3691.825081511896,L6
574,eL4,L4,3035.8316580462574,9453.903776715137,L4
575,eL4,L4,3026.989014007141,8243.873990661907,L4
576,Oligo,HPC/CC,3043.666459686664,2358.0693064577763,I_CC
577,eL6-2,L6,3058.446526483897,3817.791589033804,L6
578,eL4,L4,3061.6869822485205,8978.076134122288,L4
579,PVALB,L4,3050.1325918079096,9279.678230932202,L4
580,Oligo,L2/3,3068.4330378470195,10130.150963426931,L2/3
581,eL2/3,L2/3,3068.518192057196,12377.327016306745,L2/3
582,eL4,L4,3067.2795031055903,8573.483808719773,L4
583,Reln,HPC/CC,3085.2604544922106,2728.1598922338057,I_CC
584,eL4,L4,3070.5323821421525,9121.914787296995,L4
585,eL6-2,HPC/CC,3086.247946768061,752.2757794676806,HPC
586,Oligo,HPC/CC,3095.052125624154,2569.6102011293106,I_CC
587,PVALB,L5,3076.250562170532,5730.760681240093,L5
588,SST,L5,3106.5624133834885,5889.51979805979,L5
589,eL6-1,L6,3104.644058488364,3605.783277270543,L6
590,eL4,L4,3087.3010042646856,8421.82225890769,L4
591,Oligo,HPC/CC,3089.067375886525,1971.5562997986167,I_CC
592,Micro,L6,3111.867838138844,5281.154065090954,L6
593,eL2/3,L2/3,3119.364126213592,12520.830922330097,L2/3
594,Micro,L6,3109.734607906675,5162.241007777057,L6
595,Astro,L2/3,3102.6895380434785,12843.98581861413,L2/3
596,eL6-2,HPC/CC,3115.296882682663,3109.3718163044546,I_CC
597,eL5,L5,3126.322110878812,6561.9608535794105,L5
598,SST,L4,3152.971414702551,7830.611671430883,L4
599,Astro,HPC/CC,3156.9946757240555,964.340937256162,HPC
600,eL4,L4,3152.707747948254,8632.113784949228,L4
601,eL2/3,L2/3,3134.1131629701063,10847.155834136933,L2/3
602,Micro,L2/3,3176.6765599772057,10537.95958780511,L2/3
603,Endo,L6,3208.6459612432845,4695.36176132003,L6
604,Oligo,L5,3194.717225543713,7599.758079889091,L5
605,Endo,L1,3199.390687361419,13191.12100886918,L1
606,eL6-2,L6,3211.808976428802,3493.9919276719406,L6
607,Oligo,HPC/CC,3218.701813344536,1957.646922915354,I_CC
608,Oligo,HPC/CC,3240.326354088007,2296.2310702272257,I_CC
609,eL4,L4,3237.342962537128,9433.626521030948,L4
610,eL6-1,L6,3222.5469261045514,4851.737790343145,L6
611,eL5,HPC/CC,3261.2718144659675,3163.127510218589,I_CC
612,eL4,L4,3251.387791873506,9179.914874057731,L4
613,eL6-2,L6,3292.023158914729,5420.877745478037,L6
614,eL6-2,HPC/CC,3276.1953125,3398.559895833333,I_CC
615,Endo,L6,3294.9179721005826,4023.736671030653,L6
616,eL6-2,L6,3289.026277177538,3834.500066693344,L6
617,Oligo,HPC/CC,3307.9735134419284,2607.8250893921336,I_CC
618,eL4,L4,3300.910895992796,8987.674425934263,L4
619,Astro,L6,3353.1290962026883,4817.730285572694,L6
620,eL2/3,L2/3,3345.110070498637,12381.584829928472,L2/3
621,Oligo,HPC/CC,3324.5036433969053,2867.6110561353003,I_CC
622,eL4,L4,3372.49313430374,8490.711434580016,L4
623,Micro,L1,3368.3859275053305,13336.230149253732,L1
624,Endo,L6,3374.0822478991595,3517.274737394958,L6
625,eL4,L4,3367.2023857057297,8228.23807147135,L4
626,Oligo,HPC/CC,3369.2414004914003,2287.453808353808,I_CC
627,eL6-2,HPC/CC,3367.3803281919872,3293.5694574483814,I_CC
628,eL4,L5,3355.62626839168,7617.107940131913,L5
629,eL5,L5,3418.905993306967,6150.335023493222,L5
630,eL5,L5,3400.29711535862,6928.143421017059,L5
631,Astro,HPC/CC,3414.77601103314,1369.396909098284,I_CC
632,Astro,L4,3414.199081592653,7824.126729013832,L4
633,Oligo,L1,3446.2591495425227,13568.302459877006,L1
634,Oligo,HPC/CC,3478.282483997007,2826.7049630060687,I_CC
635,eL2/3,L2/3,3460.2812548921383,10959.170543849212,L2/3
636,eL4,L5,3460.967363733724,6394.79009075024,L5
637,SST,L4,3482.4470727606235,7990.409354937328,L4
638,Oligo,HPC/CC,3489.1977037749457,2258.627073815821,I_CC
639,Astro,L5,3469.077297925608,7090.425116237482,L5
640,Astro,HPC/CC,3543.6117395944502,3410.134151547492,I_CC
641,eL4,L4,3496.2567906655795,9857.723982184303,L4
642,eL4,L4,3495.6934961569973,9392.922944871443,L4
643,Oligo,HPC/CC,3497.6942675159235,1501.3238988068538,I_CC
644,eL4,L4,3515.3965010063475,8820.197089332714,L4
645,eL6-2,L6,3524.9641472353533,4729.7924257714985,L6
646,eL4,L4,3519.266952992632,8236.942511525276,L4
647,eL2/3,L2/3,3520.751100194453,12119.741650462252,L2/3
648,Astro,L6,3538.7068635493574,5463.881487558107,L6
649,Micro,L5,3533.610872313527,6352.536599241466,L5
650,eL4,L4,3553.2972918104674,8686.976694141053,L4
651,Astro,L5,3569.81744920737,7471.354924142106,L5
652,eL4,L4,3555.4040670108525,8911.174744494785,L4
653,eL6-2,L6,3567.887342043264,4185.253319768687,L6
654,Astro,L5,3569.700834253466,7130.722304011778,L5
655,eL2/3,L2/3,3558.2161165572443,11851.669934346612,L2/3
656,eL2/3,L2/3,3575.227109729859,11246.724559725875,L2/3
657,eL2/3,L2/3,3568.8437452407784,12516.297523681886,L2/3
658,Endo,L5,3618.7118041387353,5946.968055960361,L5
659,eL6-2,L6,3605.9641615782057,3807.418459370596,L6
660,Astro,HPC/CC,3607.852504995968,1103.228938049995,HPC
661,eL4,L5,3609.4439001156697,7270.183200653195,L5
662,Endo,HPC/CC,3611.831499667725,1601.9652957247283,I_CC
663,eL6-2,L6,3657.349825013815,4482.72179038497,L6
664,PVALB,L6,3636.806261572126,4799.313381585592,L6
665,eL5,HPC/CC,3633.9874550196414,738.7914231950084,HPC
666,eL4,L5,3652.242566452796,7679.134628780935,L5
667,Micro,L2/3,3671.1820522908542,11784.41925676884,L2/3
668,Astro,L2/3,3657.1367346938778,12202.976982268316,L2/3
669,eL5,L5,3653.126300443973,6667.059836988934,L5
670,Oligo,HPC/CC,3621.2846321864417,2969.760395166624,I_CC
671,eL4,L4,3664.417751518793,7952.439248280926,L4
672,eL2/3,L2/3,3671.052660026253,12375.090340514244,L2/3
673,eL2/3,L2/3,3695.358570704906,10333.018353271247,L2/3
674,eL5,L5,3709.4664857055295,6525.965982224946,L5
675,eL2/3,L2/3,3712.835209572359,10033.637036250357,L2/3
676,Oligo,HPC/CC,3723.521471053637,1651.940743165821,I_CC
677,eL6-2,L6,3714.0857780612246,3609.4793792517007,L6
678,eL4,L5,3762.9867658677904,5773.305833552805,L5
679,eL2/3,L4,3728.040718769798,8453.771813626678,L4
680,eL6-2,L6,3744.232493606834,3776.402959899886,L6
681,eL4,L4,3742.9891386475256,8712.713638080846,L4
682,eL2/3,L4,3744.645924060969,9047.867991290146,L4
683,Astro,L4,3735.348856651094,8203.847209245143,L4
684,eL4,L4,3762.574696105185,8582.778913420987,L4
685,Reln,L6,3775.660066405071,5417.186598249321,L6
686,Reln,L4,3763.201903467029,9408.94731475187,L4
687,eL5,L5,3774.3969880261698,6032.546969509937,L5
688,eL4,L4,3795.349040887239,9550.15698034176,L4
689,eL5,HPC/CC,3810.069466125508,672.3368716827973,HPC
690,eL2/3,L6,3796.8858217624606,3902.030204126791,L6
691,PVALB,L6,3809.1690504220624,4230.941938231095,L6
692,Astro,L5,3791.68051948052,5895.484719535783,L5
693,eL4,L4,3811.685832869363,9276.418332742824,L4
694,Oligo,HPC/CC,3808.400903140277,3048.6249896428867,I_CC
695,Micro,L5,3811.354298215085,6704.930691592503,L5
696,eL2/3,L2/3,3808.828342372082,12560.932523775838,L2/3
697,eL2/3,L2/3,3816.279203400504,10333.050259760705,L2/3
698,Oligo,HPC/CC,3810.702024726752,1844.427432359792,I_CC
699,Oligo,HPC/CC,3841.228692650056,2236.43841770309,I_CC
700,Endo,HPC/CC,3832.4850203295528,108.01540766103146,HPC
701,Astro,HPC/CC,3826.68994714425,1438.3206240057475,I_CC
702,eL4,L4,3829.4031807436063,8879.554695895122,L4
703,eL6-2,L6,3838.770495691359,3578.1234880227685,L6
704,Astro,L5,3819.146733486839,7448.770508826584,L5
705,eL2/3,L2/3,3822.140578947368,10576.75194736842,L2/3
706,eL6-1,L5,3841.6976118140215,6302.396338883975,L5
707,Endo,L1,3845.9296621533936,12992.620841804732,L1
708,Micro,HPC/CC,3874.883493418712,2725.083333333333,I_CC
709,eL6-2,L6,3865.109567585972,3774.118692543412,L6
710,eL6-2,L6,3865.1050023128255,4009.71320954206,L6
711,eL2/3,L2/3,3894.057625057017,10959.01313668846,L2/3
712,eL2/3,L4,3914.921598905826,9777.32463435618,L4
713,Astro,L2/3,3842.2632280604976,12823.947593435389,L2/3
714,Oligo,HPC/CC,3885.929343542394,1749.1158090305146,I_CC
715,eL6-2,HPC/CC,3904.619699042408,3282.6495668034654,I_CC
716,Astro,L5,3897.4433801143537,5861.07499814361,L5
717,eL4,L5,3892.388741320658,7759.277459341069,L5
718,Endo,HPC/CC,3894.467433638924,1063.2117562466294,HPC
719,eL2/3,L2/3,3914.2666580952073,11682.884092443188,L2/3
720,Astro,L5,3933.7135798933086,6156.4939314739895,L5
721,eL5,L5,3923.460747082787,7133.851342953808,L5
722,Endo,L1,3866.35525758645,13123.788228652082,L1
723,Reln,L6,3925.994064378662,5178.4654135910505,L6
724,PVALB,L5,3939.730183768436,7322.985408943923,L5
725,Reln,L4,3961.0973317296985,8919.350394226914,L4
726,eL6-2,L6,3937.316738269733,3863.6654873220455,L6
727,eL4,L4,3981.253358701561,8513.791838161062,L4
728,Endo,L2/3,3975.558913490071,12887.398082629536,L2/3
729,Astro,HPC/CC,3939.2093023255816,782.412162597436,HPC
730,eL6-1,L2/3,3982.05895119503,12078.410949241746,L2/3
731,eL4,L4,3958.6381095838815,7935.386518546413,L4
732,eL4,L4,3967.9343212357153,9099.131545899789,L4
733,eL6-2,L6,3970.447490742929,3750.048136768298,L6
734,Astro,HPC/CC,3998.237649294245,1034.226384364821,HPC
735,Oligo,L6,3992.342337931632,4769.427440025344,L6
736,eL4,L4,3998.9921431689218,9235.25814054998,L4
737,eL6-2,L6,3988.73537985061,3456.8155401712515,L6
738,eL2/3,L2/3,4008.238635504122,12491.708645336965,L2/3
739,eL2/3,L2/3,4012.1302494532783,10157.439786500612,L2/3
740,VIP,L2/3,4038.88435150118,10538.738789176135,L2/3
741,Oligo,HPC/CC,4043.666860165119,748.4462719298245,HPC
742,Reln,L6,4023.030609687324,5588.019769409111,L6
743,eL2/3,L2/3,4026.507804339392,11490.64479064076,L2/3
744,Oligo,HPC/CC,4035.4541857798167,1772.644380733945,I_CC
745,eL4,L4,4025.356562328391,8191.038769906645,L4
746,Micro,L2/3,4081.345456723092,11777.84633503673,L2/3
747,Micro,HPC/CC,4060.636914352001,271.6287620029645,HPC
748,eL6-2,HPC/CC,4059.946275723912,3342.2850573666,I_CC
749,eL6-1,L5,4056.028150402434,5852.138549633604,L5
750,PVALB,L5,4061.326034063261,7719.53205760505,L5
751,eL5,L5,4043.078739832363,6884.285560923242,L5
752,eL4,L4,4071.1742855819552,9016.514427307677,L4
753,VIP,L2/3,4068.428282828283,10429.488068181818,L2/3
754,Oligo,HPC/CC,4064.546273745738,1366.691427179737,I_CC
755,eL2/3,L2/3,4066.948555741227,10954.612974456912,L2/3
756,eL4,L4,4090.966642606723,8054.225613528562,L4
757,HPC,HPC/CC,4119.050014563309,520.0736071235385,HPC
758,eL4,L4,4055.975524973645,8786.693620537368,L4
759,Oligo,L5,4122.946661210013,7196.321908464634,L5
760,eL4,L4,4125.408718758978,8234.372737719046,L4
761,eL2/3,L2/3,4105.897793214452,11660.28853403363,L2/3
762,Oligo,HPC/CC,4116.463076551558,2319.6146824438542,I_CC
763,Endo,L4,4104.684522739529,8336.307028581701,L4
764,Endo,L4,4114.55939926834,9305.39175919389,L4
765,Oligo,L6,4135.830633512175,3783.48225340487,L6
766,SST,L6,4178.390568319226,5578.880079911676,L6
767,Endo,L2/3,4156.292058420812,12762.8910543131,L2/3
768,Oligo,HPC/CC,4167.933231127088,1439.41689574963,I_CC
769,Astro,HPC/CC,4168.474000134889,1985.5217171376544,I_CC
770,eL6-1,HPC/CC,4220.8890635298885,2951.09466105562,I_CC
771,Oligo,L5,4179.941776227529,7337.274406838131,L5
772,eL6-2,L6,4187.108966861599,4685.492397660819,L6
773,eL6-2,L6,4214.54065877509,3669.961091096243,L6
774,eL6-2,L6,4209.015421751375,4449.727996066335,L6
775,eL5,L5,4214.663499506417,6790.297630799605,L5
776,eL2/3,L2/3,4245.794390853876,11957.344885078004,L2/3
777,Astro,L2/3,4243.505355624823,10013.7860017002,L2/3
778,eL6-1,L4,4251.748891855807,7844.891001335113,L4
779,eL4,L4,4266.155013077594,8104.474934612032,L4
780,eL2/3,L2/3,4228.647506018499,10382.00836254593,L2/3
781,Oligo,HPC/CC,4256.0287907073225,1356.266998548019,I_CC
782,Oligo,L5,4281.233139922001,5847.958099495862,L5
783,Oligo,L6,4260.01607006207,5332.54306606581,L6
784,eL2/3,L2/3,4271.171404137482,12070.102826193192,L2/3
785,eL4,L4,4242.780460611129,9367.796592453224,L4
786,eL2/3,L2/3,4272.920073315223,10767.546983929566,L2/3
787,eL2/3,L2/3,4284.933691087261,11290.035090993932,L2/3
788,Reln,L5,4303.824214937712,5750.941156208738,L5
789,eL5,L2/3,4289.637515762925,10252.275977301388,L2/3
790,eL4,L5,4299.386971710975,7737.191930811179,L5
791,eL2/3,L4,4304.834860642895,8943.660747352928,L4
792,Micro,L2/3,4309.792703475841,12646.787178180964,L2/3
793,PVALB,L5,4309.25598663449,6303.050603304251,L5
794,eL4,L4,4314.891490633719,9083.162116381029,L4
795,eL5,L5,4330.937317228227,6712.636660309388,L5
796,Oligo,HPC/CC,4352.741415586602,1948.3699293048307,I_CC
797,Astro,L2/3,4373.87512188327,10098.50818359103,L2/3
798,eL4,L4,4325.8959481526845,8753.996938150643,L4
799,Oligo,HPC/CC,4336.26565975881,2537.5755180892165,I_CC
800,eL2/3,L2/3,4326.389862648626,10545.861418614186,L2/3
801,HPC,HPC/CC,4349.022068559659,505.1563925261145,HPC
802,eL2/3,L2/3,4339.963223536936,11370.783754397184,L2/3
803,SST,L4,4324.272182177712,9717.470657651336,L4
804,eL2/3,L4,4341.076057948913,9939.485369805569,L4
805,Oligo,L6,4358.552076497609,3660.9940001874943,L6
806,Astro,L5,4357.088459226608,6479.992010619115,L5
807,Reln,L4,4362.059554206059,7993.258298254089,L4
808,eL6-1,L6,4366.631365949433,5090.3202307969705,L6
809,eL6-2,L6,4379.427704223141,5594.584488984248,L6
810,eL4,L4,4384.267123579243,9282.318675237326,L4
811,Reln,L1,4365.377462537463,13005.224215784216,L1
812,eL2/3,L2/3,4387.958868144691,11466.868311385231,L2/3
813,eL6-2,L6,4400.282842216483,4026.9263911716366,L6
814,eL2/3,L2/3,4374.919696098314,12262.636831431426,L2/3
815,VIP,L2/3,4379.162456005854,11857.508624594906,L2/3
816,eL6-2,HPC/CC,4388.197637762179,3128.709638098441,I_CC
817,eL2/3,L2/3,4409.327734283711,10907.856566954895,L2/3
818,Astro,L6,4436.620332365602,4428.767043748123,L6
819,Oligo,L6,4438.997713682729,5348.317915347638,L6
820,Astro,L5,4435.666115884556,5698.067746199604,L5
821,eL5,L4,4457.631162928565,8476.76499357771,L4
822,Oligo,HPC/CC,4449.125868178597,1048.8454996456414,HPC
823,eL4,L4,4444.022698665772,8161.66019132332,L4
824,eL4,L4,4446.922115811505,8604.72531236126,L4
825,eL4,L4,4458.298256123536,7998.739683173589,L4
826,eL6-1,L4,4441.630530973452,9095.53261856138,L4
827,eL4,L6,4457.843413826826,4914.179944331603,L6
828,eL4,L4,4459.4402874764255,9745.209134002753,L4
829,eL2/3,L2/3,4461.246796837179,10372.131967080846,L2/3
830,Oligo,HPC/CC,4462.509912477101,2850.963281090983,I_CC
831,Astro,L5,4484.15194011873,7353.469872953053,L5
832,eL6-2,HPC/CC,4502.871599443672,3300.3970514603616,I_CC
833,eL6-2,L5,4494.795172576992,5954.833000912748,L5
834,Astro,L2/3,4496.903962279758,12773.075481842998,L2/3
835,eL4,L5,4512.548662730114,7217.1020493226815,L5
836,Astro,L2/3,4523.458529874214,11523.030463836478,L2/3
837,Astro,HPC/CC,4522.6203321364455,1761.8012567324954,I_CC
838,PVALB,L5,4532.388309671695,6377.52802425318,L5
839,Oligo,HPC/CC,4533.918141081906,2160.076777382548,I_CC
840,eL6-2,L6,4535.211528046421,4667.585570599613,L6
841,Astro,HPC/CC,4568.551406682547,1527.9428313912315,I_CC
842,eL5,HPC/CC,4585.121250350435,3020.7697645079897,I_CC
843,eL6-2,HPC/CC,4595.941677718833,2673.1640915119365,I_CC
844,Astro,L4,4606.870876768898,8958.317872790452,L4
845,eL2/3,L2/3,4606.0747533467065,12504.30720104802,L2/3
846,Astro,HPC/CC,4599.630461200162,875.4499160928187,HPC
847,eL4,L4,4604.292249750766,8133.257246243031,L4
848,Astro,HPC/CC,4611.247095716628,1030.0868077827668,HPC
849,eL4,L5,4601.05004642115,7737.279278482692,L5
850,Endo,L2/3,4608.4011418132,12274.832792875086,L2/3
851,eL6-2,L6,4610.232474819171,3712.8639221253297,L6
852,PVALB,L5,4615.532012290713,6594.734809054995,L5
853,Astro,HPC/CC,4603.150635608788,789.2481446101845,HPC
854,Endo,L6,4617.030554005922,5386.76629618504,L6
855,eL2/3,L4,4635.883442228917,9737.27729442432,L4
856,eL6-2,L6,4639.493374902572,4308.290650632817,L6
857,Micro,L4,4620.636368191612,9161.504534749713,L4
858,PVALB,L5,4613.8250964927,6711.153800973318,L5
859,eL4,L2/3,4595.155886358009,10022.468123297846,L2/3
860,eL6-2,HPC/CC,4655.707881957415,3258.6226586263942,I_CC
861,eL5,L6,4651.410669157235,4690.949620920778,L6
862,Oligo,HPC/CC,4631.991016513214,1400.2865769560517,I_CC
863,eL6-1,L2/3,4660.155789685602,10503.717276784217,L2/3
864,eL2/3,L2/3,4660.364142062474,11439.904257595208,L2/3
865,eL6-2,L6,4671.37610519795,4090.799374894408,L6
866,Astro,L4,4685.837283473783,7869.895979634832,L4
867,eL6-2,L6,4693.144085591441,3735.951704829517,L6
868,eL4,L4,4693.20444737473,9277.507731958764,L4
869,Micro,HPC/CC,4696.772429838592,463.196161116766,HPC
870,eL6-1,L2/3,4714.933305716653,10673.248412040874,L2/3
871,eL4,L4,4699.540573298588,8658.989515786921,L4
872,eL4,L4,4709.1822348664455,8795.684210526315,L4
873,eL6-2,HPC/CC,4720.446925954171,2944.235428695936,I_CC
874,eL4,L4,4716.891453225586,8071.622312012053,L4
875,eL2/3,L2/3,4749.690811724916,11142.130824877866,L2/3
876,Reln,L1,4746.997492187199,13656.69964118986,L1
877,Astro,L2/3,4761.438814768849,11393.03633260937,L2/3
878,Astro,L5,4727.707330145119,6947.481365435357,L5
879,Reln,L2/3,4757.397723369805,12685.374858937246,L2/3
880,Micro,L5,4759.8360914995765,6671.79757130754,L5
881,eL2/3,L2/3,4753.718497690299,12162.600763205462,L2/3
882,Oligo,HPC/CC,4786.724831508003,1455.5865101095198,I_CC
883,PVALB,L2/3,4802.818491443762,10793.018026250207,L2/3
884,eL6-2,HPC/CC,4807.018060504436,3258.451582477468,I_CC
885,eL2/3,L4,4809.13953826577,9756.84820941647,L4
886,eL4,L4,4802.743025729539,9081.348613173845,L4
887,Oligo,L5,4829.817896717541,5880.68628475852,L5
888,PVALB,L2/3,4845.151262368549,10929.024936770644,L2/3
889,eL6-1,L5,4838.293791153859,6842.852587306512,L5
890,Oligo,L5,4832.351070254311,5687.235388847883,L5
891,eL4,L5,4845.148514851485,7069.765557719207,L5
892,Astro,L5,4819.3719192747485,6167.756343674548,L5
893,eL4,L4,4834.11767105129,8765.659681859895,L4
894,eL4,L4,4849.864908224414,9276.601283442646,L4
895,Oligo,L2/3,4837.002185082383,10248.47481249631,L2/3
896,eL6-2,L6,4834.268379670909,4249.138526384048,L6
897,eL2/3,L2/3,4864.74759119064,11957.459394356503,L2/3
898,eL2/3,L2/3,4861.932469891034,10609.80859300325,L2/3
899,Micro,L2/3,4864.033639723301,12114.7479389747,L2/3
900,Astro,HPC/CC,4854.666838465833,1023.3101404458188,HPC
901,Oligo,HPC/CC,4844.692547499684,3046.811096600244,I_CC
902,eL4,L4,4867.803467332879,7865.059959118783,L4
903,Oligo,L4,4872.10112869092,8394.983724680036,L4
904,Endo,L2/3,4870.221032132425,10119.842908146706,L2/3
905,SST,HPC/CC,4893.062302553213,842.5700968460303,HPC
906,eL4,L4,4903.03065660032,9393.687805994052,L4
907,eL6-1,L6,4904.72060068876,4584.756619432055,L6
908,eL4,L4,4887.5211950762205,8583.070188310101,L4
909,eL2/3,L4,4935.006354348368,9172.861159564747,L4
910,eL2/3,L4,4921.405576462538,9650.695278823128,L4
911,Astro,L6,4901.124511601945,4041.876325651862,L6
912,eL5,L5,4934.116330201879,5699.339796122326,L5
913,eL4,L4,4927.949964380003,8195.403888865609,L4
914,eL6-2,L6,4894.46682521444,3535.8245196804105,L6
915,eL6-2,L1,4913.066551851396,13126.982982736705,L1
916,eL6-2,L6,4942.568804352881,4356.126633493001,L6
917,Astro,HPC/CC,4945.222691793523,677.3316227521669,HPC
918,SST,L2/3,4935.042816391464,11435.860551867903,L2/3
919,eL6-1,L5,4947.554445817016,6305.091071569374,L5
920,Micro,L6,4949.992482497418,5356.608802938138,L6
921,PVALB,HPC/CC,4960.11417522753,213.6043513925237,HPC
922,eL6-2,HPC/CC,4948.617266084646,2768.6514756120705,I_CC
923,Astro,L2/3,4997.381724941725,12374.41463869464,L2/3
924,eL2/3,L2/3,4980.541900937082,10335.23159303882,L2/3
925,eL6-1,L2/3,4983.923325409886,10894.339275918815,L2/3
926,Astro,HPC/CC,4989.7007145177,1207.1470715600303,HPC
927,eL6-1,L6,4995.468282465589,5059.993476959904,L6
928,Oligo,HPC/CC,5004.534876380852,1619.644713308785,I_CC
929,Endo,L5,4999.140834666995,5871.027391357873,L5
930,eL2/3,L2/3,5009.525703054128,11721.765315996372,L2/3
931,Oligo,HPC/CC,5022.11115223748,2333.3296442980345,I_CC
932,eL6-2,L6,5013.326882775226,4758.513978686405,L6
933,SST,L4,5039.310846881825,8392.493326862412,L4
934,eL6-1,L6,5051.368389618851,4546.445976761864,L6
935,eL5,L5,5065.346789883269,7628.100344208321,L5
936,eL6-2,L6,5057.862750491159,3732.993005893909,L6
937,Oligo,L5,5099.724595997757,6323.003485509543,L5
938,Endo,L4,5116.642902208202,8125.53948953255,L4
939,Endo,L2/3,5065.297458975907,11455.950606443115,L2/3
940,Astro,L6,5128.50190943808,5099.358392434988,L6
941,Astro,L4,5116.178312881861,8956.435847409766,L4
942,eL2/3,L4,5115.956166579329,9585.862365525109,L4
943,Oligo,HPC/CC,5144.72948098974,1640.1827097163548,I_CC
944,eL6-2,L6,5120.008520501437,3971.618438234526,L6
945,eL2/3,L2/3,5111.778308450227,12029.276634951677,L2/3
946,SST,L5,5139.954629585686,5963.200512552798,L5
947,Astro,L5,5151.383275082237,7139.688810649671,L5
948,eL6-1,L6,5164.53719781648,4724.305120873408,L6
949,Oligo,L4,5158.91443023746,8335.73856025479,L4
950,eL6-1,L6,5153.413449697489,4308.793917652728,L6
951,Oligo,HPC/CC,5191.572043157607,2199.362810707457,I_CC
952,eL6-2,L6,5178.386778009743,4145.083321735096,L6
953,eL5,L5,5179.970385091548,7461.3438782824,L5
954,eL4,L4,5189.958615126885,8010.72662406155,L4
955,eL2/3,L2/3,5195.253217102532,11876.145163968453,L2/3
956,eL2/3,L2/3,5221.912620220502,10177.063570255688,L2/3
957,eL6-2,HPC/CC,5230.781286602397,3092.626317686278,I_CC
958,eL6-2,HPC/CC,5214.259372869802,3217.1521813224267,I_CC
959,eL2/3,L2/3,5214.526041459436,11720.69036724625,L2/3
960,Micro,L5,5218.4653967442255,6841.927597374925,L5
961,eL4,L2/3,5240.458956230774,12031.64315397485,L2/3
962,eL6-2,L6,5251.468076154412,4275.467182076365,L6
963,eL6-1,L5,5220.318316328784,5682.662514906586,L5
964,Astro,L2/3,5245.656001580013,11304.753616748136,L2/3
965,Micro,L5,5245.8474773308535,5943.833992094862,L5
966,Endo,HPC/CC,5263.918397912842,2704.0897671272587,I_CC
967,eL2/3,L2/3,5228.978127264432,10530.676176162744,L2/3
968,eL4,L4,5256.58616260889,8413.20220013402,L4
969,eL6-2,L6,5254.890721890722,4893.315022815023,L6
970,eL6-1,L4,5262.333140090029,9597.729129723091,L4
971,eL2/3,L4,5254.658768798009,9870.757600346207,L4
972,eL6-2,HPC/CC,5267.68922124127,3425.731387534589,I_CC
973,eL4,L4,5279.242484869705,7917.066073125594,L4
974,Oligo,HPC/CC,5265.150813084699,2121.3055189301185,I_CC
975,eL6-1,L6,5293.611448047717,4055.877449751892,L6
976,Astro,L4,5290.478839316435,8082.411744466109,L4
977,Reln,HPC/CC,5294.890851381628,804.0709484690067,HPC
978,Astro,L1,5269.990541929798,13793.778969011602,L1
979,Oligo,HPC/CC,5312.119980955404,1120.0892318679576,HPC
980,eL2/3,L2/3,5293.987823825983,10297.424485524938,L2/3
981,Astro,L4,5333.981373992896,8154.213289439487,L4
982,eL4,L4,5332.888311439868,9093.854259660757,L4
983,eL5,HPC/CC,5297.057500600528,444.98084314196495,HPC
984,PVALB,L6,5340.317832150479,5550.536900094297,L6
985,eL2/3,L6,5345.2286102308735,4877.651652331371,L6
986,eL5,L6,5358.771653138806,5060.381639782185,L6
987,Oligo,HPC/CC,5340.904041386285,1614.133688591544,I_CC
988,eL4,L4,5351.9675230685725,8600.627329473493,L4
989,eL6-1,L6,5373.589717328963,3728.360371432473,L6
990,eL2/3,L2/3,5375.847467927077,11593.859959486834,L2/3
991,eL4,L4,5391.007274007156,7877.095031383821,L4
992,eL2/3,L2/3,5392.2254180602,11238.421070234112,L2/3
993,eL4,L4,5375.57790631617,8315.636265041574,L4
994,eL4,L4,5386.732087391419,9511.050434324825,L4
995,eL6-2,HPC/CC,5390.848063333036,3148.153815189194,I_CC
996,eL5,L5,5421.06762336972,6459.446216116767,L5
997,Astro,L2/3,5438.163343861034,10049.189301223843,L2/3
998,eL2/3,L4,5408.233886206172,9283.80545874449,L4
999,eL6-2,L6,5417.7603060213805,3564.296697291574,L6
1000,eL4,L4,5431.765135206091,8145.936413756892,L4
1001,Astro,L5,5442.322323280677,6831.56608691027,L5
1002,SST,HPC/CC,5438.39177781108,747.5497277586293,HPC
1003,eL2/3,L2/3,5455.11136459357,11000.716587112172,L2/3
1004,eL2/3,L2/3,5446.952894438138,11814.21364610922,L2/3
1005,Astro,HPC/CC,5447.838946021097,1299.0535375380678,HPC
1006,eL6-2,HPC/CC,5469.603430398341,3324.231055041908,I_CC
1007,eL4,L5,5473.07451630044,7145.499202950646,L5
1008,Reln,HPC/CC,5478.052194860814,905.7540484475376,HPC
1009,eL4,L5,5474.1659117997615,7682.922458709348,L5
1010,eL4,L4,5484.224127773778,9543.265104405316,L4
1011,eL5,L5,5481.628111927872,6031.044145717418,L5
1012,eL4,L4,5489.351220346715,8603.584568886861,L4
1013,Astro,L4,5478.307696855049,9179.735102861196,L4
1014,Oligo,HPC/CC,5499.658727244111,1933.5843869681548,I_CC
1015,eL4,L4,5494.4111027353,8738.365442601766,L4
1016,eL6-1,L2/3,5500.080294207784,10718.030602863271,L2/3
1017,eL6-2,HPC/CC,5519.12223751902,2701.3445764799653,I_CC
1018,Reln,L5,5519.571355301961,7291.1861349745695,L5
1019,Astro,L4,5513.372513658303,9411.371399777225,L4
1020,Astro,HPC/CC,5536.651275876441,2592.8668086880007,I_CC
1021,Oligo,HPC/CC,5539.823522568637,1587.4918566775243,I_CC
1022,eL6-2,L6,5574.667002930298,3459.5569966854014,L6
1023,eL4,L4,5579.54745393303,8510.198335644938,L4
1024,Astro,L4,5574.620202823623,9683.665042752038,L4
1025,eL6-1,L6,5589.928127772849,4777.129033764536,L6
1026,Oligo,HPC/CC,5625.01303234815,298.6749825459623,HPC
1027,eL5,L5,5576.930846659985,6192.011547344111,L5
1028,PVALB,L4,5614.15634061187,9559.260784661814,L4
1029,eL2/3,L2/3,5614.324486544917,11300.845337657163,L2/3
1030,eL6-2,L6,5604.1431609473175,3688.9044627034,L6
1031,eL2/3,L4,5607.877322175732,8697.967531380753,L4
1032,eL6-1,L2/3,5590.103643183804,12057.902214685782,L2/3
1033,eL6-1,L6,5622.570699370235,3955.1351673848194,L6
1034,eL2/3,L2/3,5632.873070920756,10629.779330674528,L2/3
1035,Smc,L1,5619.669010854609,13802.695726953065,L1
1036,Oligo,HPC/CC,5634.072206496186,1960.83860288826,I_CC
1037,eL2/3,L2/3,5638.210142272699,10352.196037125235,L2/3
1038,Astro,HPC/CC,5639.844202138813,3234.8261165862864,I_CC
1039,eL2/3,L4,5643.975794901175,9963.44199369808,L4
1040,Astro,L6,5604.583475056689,5017.5945530990175,L6
1041,eL6-2,L2/3,5657.500752860871,11637.499146757678,L2/3
1042,eL4,L2/3,5665.055167129585,10205.459869744278,L2/3
1043,Oligo,HPC/CC,5702.730308259105,2165.139392808842,I_CC
1044,eL2/3,L2/3,5700.6590255131405,10093.028006905812,L2/3
1045,eL6-2,L4,5699.38423132028,9259.977206616592,L4
1046,eL2/3,L4,5708.065132435953,9005.417952867801,L4
1047,eL6-1,L6,5707.539940078359,4352.665683337174,L6
1048,eL4,L5,5717.676757219862,7465.713954235533,L5
1049,Reln,HPC/CC,5735.392638315255,656.0813779331004,HPC
1050,eL2/3,L4,5735.016891178582,9855.723322494829,L4
1051,eL4,L4,5723.233265027322,8515.455210772834,L4
1052,eL4,L4,5736.308614628979,8260.456108248663,L4
1053,eL2/3,L2/3,5748.320791016062,12246.169925282986,L2/3
1054,Reln,L2/3,5764.087986348123,10863.327508532424,L2/3
1055,Micro,HPC/CC,5788.600375234521,831.4332618600911,HPC
1056,Astro,HPC/CC,5776.786672168351,1346.553744584279,I_CC
1057,eL2/3,L4,5760.661378555798,9139.473331509847,L4
1058,eL6-1,L6,5773.656220125525,4914.39793840143,L6
1059,eL2/3,L2/3,5789.804401473919,11656.616071126737,L2/3
1060,eL2/3,L2/3,5783.9962269473535,12113.173948305652,L2/3
1061,eL4,L4,5780.988374944818,8639.328248393584,L4
1062,Oligo,HPC/CC,5791.636794689426,1779.7834044570886,I_CC
1063,eL4,L5,5790.509255970002,6243.206118018551,L5
1064,Oligo,HPC/CC,5782.00784593438,1965.5069132009216,I_CC
1065,eL5,L6,5796.732441471572,4747.846313107183,L6
1066,Oligo,L5,5792.336260191739,7799.224487053131,L5
1067,Astro,L5,5830.415472519499,5929.976056593507,L5
1068,eL2/3,L2/3,5809.536438147277,11223.38649215325,L2/3
1069,Micro,L2/3,5799.41278411565,11341.05743272664,L2/3
1070,Oligo,HPC/CC,5795.196440888399,2459.188761668276,I_CC
1071,PVALB,L5,5804.807655820131,6584.125699648989,L5
1072,Micro,HPC/CC,5865.237064231698,242.42662148169063,HPC
1073,eL6-1,L6,5813.298356573705,3686.6097111553786,L6
1074,Endo,L4,5787.342009948326,8047.409523349592,L4
1075,Oligo,HPC/CC,5801.0589122727615,1207.8867013653164,HPC
1076,PVALB,L6,5818.417216931953,3540.793528880239,L6
1077,eL6-2,L6,5813.480462405656,4461.304862902455,L6
1078,Smc,L1,5804.279013097776,13711.940806173216,L1
1079,eL6-1,L6,5862.599712864345,5278.455911321826,L6
1080,eL5,L6,5855.748110271232,5634.785060026678,L6
1081,Micro,L2/3,5848.988548501693,12376.262214234965,L2/3
1082,eL2/3,L4,5853.133187063221,9818.203315455876,L4
1083,eL6-2,HPC/CC,5875.663236587511,3352.370096745822,I_CC
1084,eL5,L6,5872.275272814486,3820.329176160211,L6
1085,eL6-1,L4,5889.062467866324,9341.546272493571,L4
1086,Smc,L1,5906.862659945716,13697.795579682048,L1
1087,Endo,L4,5910.105485581704,8589.662454424926,L4
1088,Oligo,HPC/CC,5900.265752082312,2174.812101910828,I_CC
1089,PVALB,L5,5918.408094913715,6607.550465485921,L5
1090,Astro,L2/3,5903.161220268873,11741.895863495349,L2/3
1091,Oligo,HPC/CC,5946.402676579925,1948.1768525402729,I_CC
1092,Smc,L1,5927.2901048925405,13509.942565832906,L1
1093,eL6-2,L6,5923.481336124193,3958.8804727019015,L6
1094,eL6-2,L6,5935.26989312808,4262.054931059306,L6
1095,eL5,L6,5948.41231939779,5491.268404225181,L6
1096,eL2/3,L2/3,5931.605902458745,10318.9029732809,L2/3
1097,Astro,HPC/CC,5942.469458827843,728.0904092013013,HPC
1098,eL4,L4,5960.9370319333775,7866.524504223833,L4
1099,eL2/3,L4,5946.014085914086,9968.631235431236,L4
1100,Oligo,HPC/CC,5943.947723600419,1587.036926147705,I_CC
1101,eL2/3,L2/3,5955.744062688366,10509.73285111513,L2/3
1102,Endo,L1,5966.527377686329,13026.756858710562,L1
1103,eL2/3,L2/3,5970.762133435779,11344.63465232424,L2/3
1104,eL4,L6,5980.941195849119,3756.84887168506,L6
1105,eL6-2,HPC/CC,5939.024741951183,2757.143534052199,I_CC
1106,Astro,L2/3,5977.463688158085,11623.464986297418,L2/3
1107,Astro,L2/3,6007.74932705249,10784.391184387618,L2/3
1108,eL4,L4,5991.895363086532,8401.201051508084,L4
1109,eL2/3,L4,6026.205677290836,9088.742380478088,L4
1110,eL2/3,L2/3,6013.705017707713,11074.601122010845,L2/3
1111,eL2/3,L2/3,6002.505306274436,12101.78674362316,L2/3
1112,Oligo,HPC/CC,6002.72121492575,1700.5145345168482,I_CC
1113,eL6-2,HPC/CC,5991.748567835685,3038.9622746961018,I_CC
1114,eL4,L4,6012.211710221634,8872.47436321535,L4
1115,Smc,L1,6003.008839779006,13714.640208717004,L1
1116,Astro,HPC/CC,6014.825195538483,510.3522469570047,HPC
1117,eL6-2,L6,5992.087035199346,4090.088669663184,L6
1118,eL4,L5,6005.138278704236,7603.242514855281,L5
1119,Endo,L2/3,6011.356078369034,12332.66748797838,L2/3
1120,Astro,L1,6025.105064827234,13489.007089480743,L1
1121,Astro,L1,6029.965509399636,13601.930336567617,L1
1122,eL5,L6,6039.16508889402,4808.104825675364,L6
1123,eL6-2,L6,6029.340661717004,4197.609385136596,L6
1124,eL6-2,HPC/CC,6017.853329738474,2928.353329738474,I_CC
1125,SST,L4,6060.772002058672,8600.730709845995,L4
1126,Micro,HPC/CC,6074.539931384896,2611.798280279672,I_CC
1127,eL4,L4,6078.611252383979,9331.849741167924,L4
1128,eL6-1,L6,6078.584060792564,3797.379074295045,L6
1129,eL2/3,L4,6058.615779298037,9747.09480963712,L4
1130,eL6-2,L6,6105.014213480909,3456.322411115977,L6
1131,eL6-2,L6,6116.88383327716,4038.808167621616,L6
1132,eL4,L4,6119.052187598363,9219.449417689644,L4
1133,Endo,L2/3,6113.203127861407,12775.4841592499,L2/3
1134,Smc,L1,6113.418872428561,13723.241451941303,L1
1135,Oligo,HPC/CC,6132.389827227411,2415.870105986546,I_CC
1136,Astro,L5,6084.851913527916,6421.831022163014,L5
1137,eL4,L5,6144.782302115404,7309.3384645943,L5
1138,eL2/3,L2/3,6142.376184887605,12071.521531100478,L2/3
1139,Oligo,HPC/CC,6145.610092438248,1650.6172652422083,I_CC
1140,eL5,L6,6146.112079048196,5566.115426497277,L6
1141,eL6-2,HPC/CC,6162.606550272412,3142.265354135711,I_CC
1142,eL5,L5,6169.181150240689,6147.652068478772,L5
1143,Astro,L2/3,6179.267974998907,12473.659731631627,L2/3
1144,eL6-2,L6,6173.243796688084,3917.342684009821,L6
1145,Astro,L5,6190.72684868462,5806.159338267305,L5
1146,Smc,L1,6188.828911802983,13746.189608569426,L1
1147,eL6-1,HPC/CC,6199.95205974464,2967.646446639364,I_CC
1148,PVALB,L6,6201.601350936445,3630.073963770341,L6
1149,Oligo,HPC/CC,6159.401198814655,1812.1411301185344,I_CC
1150,Oligo,HPC/CC,6168.302551191675,2132.390265189661,I_CC
1151,eL2/3,L2/3,6184.006502574845,9995.779348869686,L2/3
1152,Oligo,HPC/CC,6193.480007309941,655.3741228070176,HPC
1153,Oligo,HPC/CC,6210.292264163077,1537.4125779692624,I_CC
1154,eL4,L4,6218.506600302965,7880.187838130275,L4
1155,Astro,L5,6193.965795893474,5908.531053059565,L5
1156,eL4,L4,6225.021748222501,8226.1880489335,L4
1157,eL6-1,L2/3,6227.125690338509,10414.008381521668,L2/3
1158,Reln,L6,6195.40885930551,4658.963596736666,L6
1159,eL6-2,L6,6237.123039006588,4243.3290677283285,L6
1160,Reln,L5,6257.734131113423,6662.451994450225,L5
1161,eL2/3,L2/3,6273.643806663329,11194.219088937094,L2/3
1162,Oligo,HPC/CC,6257.342726263187,1282.916712937257,HPC
1163,eL4,L4,6261.082693236185,8347.204757933547,L4
1164,eL2/3,L2/3,6287.276752606553,12016.099027177945,L2/3
1165,eL6-2,L5,6252.835800152873,7007.245987075256,L5
1166,eL2/3,L2/3,6260.0291423155895,12196.351247828146,L2/3
1167,eL2/3,L2/3,6282.746843054721,10858.919222289036,L2/3
1168,Smc,L1,6300.75121771896,13749.63606286187,L1
1169,eL4,L5,6279.291567944251,7434.681045296167,L5
1170,Reln,L5,6325.804536959464,6079.5562286524455,L5
1171,Oligo,HPC/CC,6315.422908340854,1509.5075415753513,I_CC
1172,eL2/3,L4,6320.769510994421,9860.083656055136,L4
1173,eL4,L2/3,6333.6755337465565,10155.231620179064,L2/3
1174,eL2/3,L2/3,6321.137403855284,11290.694093628335,L2/3
1175,eL2/3,L2/3,6336.213484721055,11700.303223997757,L2/3
1176,Oligo,HPC/CC,6328.64574965431,885.3753868440114,HPC
1177,eL4,L5,6344.315565490264,7046.381808021321,L5
1178,eL6-2,L4,6308.367985889097,9382.737257928196,L4
1179,eL5,L5,6341.23568040861,5910.400401313389,L5
1180,eL6-1,L6,6329.439603960396,3881.968621477533,L6
1181,eL4,L5,6335.154671746504,7745.022766342982,L5
1182,SST,L2/3,6321.672450805009,10564.993858079904,L2/3
1183,eL2/3,L2/3,6350.473834545945,11435.301751549448,L2/3
1184,Oligo,HPC/CC,6352.122228762017,1210.5513046890328,HPC
1185,eL6-2,HPC/CC,6353.474906796673,3362.832090622312,I_CC
1186,Reln,L4,6362.788904271138,9674.209096036508,L4
1187,Oligo,HPC/CC,6377.663121676572,668.8180716296528,HPC
1188,eL6-2,L6,6379.089804543053,4429.318072430592,L6
1189,eL4,L5,6365.706287008011,6735.64885928248,L5
1190,Micro,L2/3,6347.700432971163,12836.44514337064,L2/3
1191,eL2/3,L5,6382.390322580645,7618.382697947214,L5
1192,Micro,L1,6375.001996223361,13539.365362827084,L1
1193,eL6-2,HPC/CC,6387.177520909689,2614.562212198102,I_CC
1194,eL6-2,HPC/CC,6382.532098486559,3147.233611926813,I_CC
1195,Oligo,HPC/CC,6403.563813315638,1559.172307011723,I_CC
1196,Astro,L4,6377.419664981663,9018.155515908416,L4
1197,Oligo,HPC/CC,6365.152338562045,2412.40823432284,I_CC
1198,eL4,L5,6379.265719775459,7298.999020457371,L5
1199,Oligo,L4,6402.613790525023,8542.13165625167,L4
1200,eL5,L6,6380.48745587197,4608.706895740174,L6
1201,eL2/3,L2/3,6401.176321118037,12169.635764481676,L2/3
1202,eL6-2,L6,6400.348920009495,3586.132257298837,L6
1203,eL6-2,L6,6404.411871296342,4005.014202458495,L6
1204,eL4,L4,6404.294178845677,9495.290017339608,L4
1205,Smc,L1,6418.719694263876,13653.53175226802,L1
1206,Astro,L4,6439.531716586735,8773.272237806534,L4
